Student_ID,login_frequency,avg_session_duration,completed_assignments,quiz_scores_avg,forum_participation,resource_views,task_completion_time,task_accuracy,error_count,repetition_needed,motion_intensity,safety_violations,attention_span_score,fatigue_level,collaboration_index,performance_score,efficiency_gain,instruction_recommendation
S001,9,47.9,9,75.7,0,6,19.0,75.8,4,3,0.55,0,0.94,0.41,0.85,65.4,8.6,Adaptive
S002,22,20.7,9,79.8,19,14,11.1,92.2,2,2,0.76,1,0.72,0.44,0.89,71.6,5.2,Adaptive
S003,17,26.3,7,74.5,5,38,10.5,94.3,1,3,0.69,0,0.95,0.67,0.43,65.6,10.4,Competency-Based
S004,13,41.1,4,88.9,17,20,11.4,93.3,5,2,0.37,0,0.9,0.17,0.42,80.6,6.3,Adaptive
S005,10,54.0,9,83.0,7,52,11.8,97.0,5,1,0.58,0,0.52,0.4,0.75,74.8,8.9,Adaptive
S006,23,40.3,5,73.5,6,55,22.0,61.0,3,2,0.52,0,0.43,0.54,0.45,57.6,6.4,Competency-Based
S007,9,25.7,5,89.1,0,43,24.3,91.9,1,3,0.7,0,0.54,0.25,0.84,79.1,6.5,Adaptive
S008,21,45.6,6,61.0,15,26,19.7,88.6,3,3,0.66,0,0.69,0.54,0.64,60.9,8.0,Competency-Based
S009,13,48.3,7,57.1,11,16,26.2,68.7,2,1,0.65,0,0.49,0.75,0.51,49.2,20.0,Competency-Based
S010,13,25.7,6,57.2,5,28,29.8,96.3,6,2,0.47,0,0.49,0.8,0.8,56.2,5.0,Competency-Based
S011,23,32.0,7,65.0,19,51,26.0,65.6,7,2,0.7,1,0.65,0.12,0.6,63.6,14.6,Competency-Based
S012,6,39.0,8,60.7,1,44,23.3,85.8,0,2,0.33,1,0.42,0.26,0.85,65.8,7.1,Adaptive
S013,10,37.3,8,91.9,13,42,19.7,68.5,1,1,0.38,1,0.47,0.32,0.86,71.8,18.8,Adaptive
S014,5,32.5,9,54.8,3,14,17.9,76.4,1,2,0.47,1,0.63,0.38,0.4,58.1,6.4,Competency-Based
S015,24,28.4,3,81.5,0,39,9.9,87.3,1,3,0.34,0,0.43,0.27,0.3,74.3,19.3,Adaptive
S016,23,19.5,8,58.5,17,55,16.8,81.4,3,2,0.42,1,0.62,0.24,0.89,63.7,14.2,Competency-Based
S017,4,17.4,3,89.7,12,53,28.0,76.2,2,1,0.72,1,0.66,0.77,0.84,64.1,5.0,Competency-Based
S018,14,58.1,8,93.3,1,36,25.8,72.4,1,2,0.77,0,0.65,0.74,0.33,65.1,18.4,Competency-Based
S019,8,53.1,2,70.9,8,11,12.8,91.9,6,2,0.45,0,0.88,0.13,0.8,73.7,12.8,Adaptive
S020,4,31.0,8,89.6,1,25,18.3,65.5,1,3,0.43,0,0.69,0.34,0.57,69.6,8.9,Adaptive
S021,23,58.1,6,50.2,8,24,26.0,76.3,5,2,0.44,0,0.66,0.38,0.46,55.9,16.5,Competency-Based
S022,3,45.5,4,86.9,0,30,9.5,94.3,7,3,0.44,0,0.63,0.27,0.83,78.0,18.9,Adaptive
S023,14,36.7,9,60.3,10,8,16.5,92.1,0,3,0.32,1,0.85,0.54,0.42,62.0,12.3,Competency-Based
S024,24,37.2,6,90.9,2,50,26.7,75.2,7,1,0.76,0,0.89,0.55,0.87,68.2,9.7,Adaptive
S025,14,18.7,4,50.1,19,56,16.9,89.0,5,3,0.41,1,0.87,0.7,0.42,53.2,16.8,Competency-Based
S026,19,19.1,5,75.0,3,26,9.7,91.3,5,3,0.51,1,0.77,0.62,0.67,65.5,15.2,Competency-Based
S027,12,42.1,6,84.0,17,19,19.9,93.8,0,1,0.3,0,0.48,0.48,0.43,73.1,18.3,Adaptive
S028,18,39.9,5,61.6,5,44,27.0,80.7,6,3,0.73,1,0.55,0.56,0.63,58.0,15.4,Competency-Based
S029,17,24.6,3,58.7,2,25,21.0,67.8,2,1,0.67,1,0.43,0.29,0.71,58.8,8.7,Competency-Based
S030,17,57.6,3,53.8,10,19,13.0,69.7,5,2,0.77,0,0.91,0.52,0.41,52.5,19.0,Competency-Based
S031,21,50.2,2,64.7,14,26,16.5,71.2,2,1,0.69,1,0.76,0.44,0.61,59.2,6.6,Competency-Based
S032,14,20.1,8,75.2,4,56,17.9,82.6,5,3,0.46,1,0.81,0.19,0.58,71.6,9.0,Adaptive
S033,22,56.9,6,55.2,19,32,20.7,61.2,4,1,0.42,1,0.57,0.27,0.34,55.6,12.8,Competency-Based
S034,5,58.8,5,67.0,9,18,24.7,84.2,0,3,0.65,0,0.87,0.3,0.79,67.1,13.5,Adaptive
S035,7,59.8,4,50.4,11,31,10.2,73.8,5,2,0.48,0,0.54,0.75,0.5,47.8,5.2,Competency-Based
S036,21,17.5,3,86.8,14,45,27.6,71.2,4,1,0.58,0,0.4,0.26,0.64,71.5,16.7,Adaptive
S037,9,48.2,8,55.8,16,44,8.3,93.4,7,2,0.3,1,0.61,0.3,0.61,64.6,10.4,Competency-Based
S038,23,39.6,3,62.8,9,32,16.1,77.5,3,3,0.33,0,0.71,0.36,0.61,61.9,11.1,Competency-Based
S039,11,46.8,4,50.8,5,30,8.6,63.6,4,3,0.57,1,0.66,0.56,0.36,48.8,17.1,Competency-Based
S040,9,58.6,8,69.5,17,53,16.6,91.4,1,2,0.58,0,0.87,0.18,0.55,72.5,10.7,Adaptive
S041,20,46.0,8,87.8,12,6,19.6,61.8,5,1,0.68,1,0.46,0.77,0.57,58.8,5.7,Competency-Based
S042,6,52.7,5,67.6,2,29,19.3,87.6,4,1,0.37,0,0.7,0.71,0.74,59.7,7.6,Competency-Based
S043,16,54.0,5,58.1,9,7,11.6,89.4,2,3,0.56,0,0.68,0.5,0.8,60.9,19.3,Competency-Based
S044,20,52.7,6,83.9,13,12,22.2,73.4,3,2,0.4,1,0.55,0.57,0.63,64.9,6.1,Competency-Based
S045,11,34.2,6,85.5,5,48,9.0,91.3,6,2,0.35,0,0.85,0.11,0.35,79.8,10.3,Adaptive
S046,23,25.0,7,57.8,2,37,24.8,79.6,5,1,0.51,1,0.81,0.34,0.44,60.7,12.5,Competency-Based
S047,4,32.8,9,84.7,15,46,28.8,77.6,1,1,0.38,0,0.8,0.66,0.4,64.9,12.4,Competency-Based
S048,22,55.1,7,92.6,6,56,15.5,61.7,6,1,0.41,0,0.88,0.15,0.37,72.9,5.1,Adaptive
S049,17,21.6,2,57.5,19,39,19.4,71.0,4,2,0.46,1,0.8,0.3,0.52,58.9,12.5,Competency-Based
S050,9,38.1,3,84.7,13,10,16.3,95.4,6,1,0.43,1,0.53,0.51,0.44,72.7,10.8,Adaptive
S051,14,25.5,6,81.9,8,43,8.1,74.9,6,1,0.34,1,0.79,0.28,0.43,70.0,19.6,Adaptive
S052,10,41.2,5,71.3,14,56,16.5,80.8,3,3,0.34,0,0.57,0.75,0.33,58.5,7.4,Competency-Based
S053,17,53.8,4,52.6,2,27,25.4,80.2,7,1,0.4,1,0.53,0.19,0.31,61.6,10.3,Competency-Based
S054,5,54.6,5,53.4,1,29,21.1,82.4,6,1,0.33,0,0.44,0.66,0.36,53.3,11.3,Competency-Based
S055,16,25.7,3,88.4,1,54,10.2,62.3,6,2,0.61,1,0.81,0.46,0.4,65.2,10.9,Adaptive
S056,19,55.8,7,94.6,2,47,26.6,73.8,5,2,0.44,1,0.79,0.63,0.56,67.9,15.0,Competency-Based
S057,6,41.6,5,80.4,17,23,19.7,87.5,7,3,0.44,1,0.53,0.32,0.61,72.3,8.2,Adaptive
S058,20,30.8,9,70.1,13,9,26.5,67.6,3,1,0.47,1,0.81,0.46,0.38,59.8,8.3,Competency-Based
S059,10,46.9,2,79.1,19,55,20.8,67.7,1,3,0.63,1,0.9,0.7,0.55,58.8,15.9,Competency-Based
S060,6,36.7,3,76.7,17,15,20.3,60.4,4,2,0.74,1,0.46,0.43,0.51,60.8,12.5,Competency-Based
S061,4,32.0,7,67.3,9,16,10.3,76.6,3,3,0.68,0,0.53,0.35,0.41,63.6,11.2,Competency-Based
S062,8,46.7,9,53.0,1,14,11.7,93.5,3,2,0.66,1,0.81,0.48,0.3,60.4,7.5,Competency-Based
S063,24,26.2,4,87.0,0,12,29.4,62.0,0,3,0.54,0,0.55,0.6,0.58,62.4,7.8,Competency-Based
S064,12,29.9,7,66.7,3,28,13.0,67.3,3,3,0.65,1,0.74,0.41,0.71,59.4,5.2,Competency-Based
S065,6,34.6,8,86.8,13,32,29.5,71.8,7,1,0.58,1,0.44,0.76,0.44,61.4,6.4,Competency-Based
S066,24,26.4,9,61.4,0,45,19.7,87.8,0,3,0.41,1,0.65,0.31,0.38,65.7,13.4,Adaptive
S067,20,33.2,9,50.0,13,40,11.0,84.3,4,1,0.4,0,0.81,0.43,0.83,57.3,18.4,Competency-Based
S068,14,40.7,2,57.2,15,41,10.2,75.8,6,1,0.45,0,0.78,0.63,0.47,53.4,9.3,Competency-Based
S069,4,48.3,3,71.1,13,25,12.6,88.8,5,1,0.76,1,0.85,0.58,0.43,64.0,9.9,Competency-Based
S070,12,49.5,4,92.5,19,12,28.4,83.2,5,1,0.57,0,0.88,0.7,0.81,68.5,6.7,Competency-Based
S071,6,52.0,2,54.6,2,59,17.1,94.0,4,3,0.67,1,0.83,0.8,0.79,54.6,10.8,Competency-Based
S072,16,48.5,7,88.4,2,13,16.7,91.1,4,2,0.47,1,0.77,0.4,0.57,75.3,5.6,Adaptive
S073,18,45.6,2,73.7,8,51,14.9,69.6,7,2,0.5,0,0.42,0.18,0.59,67.1,18.8,Adaptive
S074,17,25.7,9,87.2,5,19,11.2,70.3,2,2,0.36,0,0.69,0.12,0.43,74.4,15.1,Adaptive
S075,10,33.0,3,63.4,12,52,18.7,64.8,6,3,0.39,0,0.42,0.61,0.35,53.0,19.9,Competency-Based
S076,16,36.5,6,87.8,1,50,10.9,72.8,4,1,0.71,0,0.84,0.71,0.64,63.4,18.2,Competency-Based
S077,10,18.7,2,84.8,7,44,26.4,98.0,3,2,0.59,1,0.58,0.25,0.36,79.0,12.1,Adaptive
S078,23,38.8,8,60.4,1,22,16.1,75.4,7,3,0.47,0,0.71,0.21,0.57,62.9,12.8,Competency-Based
S079,18,34.6,2,55.9,3,46,16.2,68.4,5,1,0.7,0,0.55,0.14,0.86,60.6,7.9,Competency-Based
S080,15,51.1,7,89.1,14,24,18.4,89.0,1,2,0.42,1,0.83,0.68,0.87,69.6,11.9,Competency-Based
S081,20,59.0,7,93.3,3,10,17.8,80.6,7,1,0.79,0,0.89,0.32,0.44,75.4,18.5,Adaptive
S082,17,40.0,4,51.4,12,16,29.9,65.7,5,2,0.47,0,0.62,0.38,0.67,53.2,5.8,Competency-Based
S083,23,29.5,7,82.9,11,6,20.0,74.5,0,2,0.47,0,0.87,0.45,0.58,67.5,18.0,Adaptive
S084,15,17.0,5,90.9,12,11,9.9,75.7,7,2,0.46,0,0.55,0.69,0.83,65.6,10.1,Competency-Based
S085,11,56.6,3,88.6,13,20,21.4,88.6,5,1,0.36,1,0.69,0.56,0.46,71.3,18.5,Adaptive
S086,17,56.4,3,93.4,19,7,11.3,60.8,2,3,0.36,1,0.87,0.53,0.3,65.8,19.1,Adaptive
S087,15,26.4,6,84.2,17,49,8.7,70.2,7,1,0.62,0,0.58,0.22,0.4,70.6,15.1,Adaptive
S088,3,46.3,6,69.9,5,7,29.4,79.7,7,2,0.74,0,0.92,0.46,0.51,63.0,15.0,Competency-Based
S089,9,18.4,3,64.0,10,31,25.0,70.2,6,1,0.7,1,0.47,0.6,0.49,55.1,11.8,Competency-Based
S090,11,22.5,8,64.4,1,54,29.6,83.9,4,3,0.37,0,0.41,0.78,0.77,55.9,17.5,Competency-Based
S091,3,24.8,6,82.6,18,47,18.5,78.3,6,1,0.57,0,0.9,0.24,0.71,72.1,19.4,Adaptive
S092,14,28.3,4,83.6,18,44,19.7,73.7,7,3,0.35,0,0.44,0.11,0.48,73.6,16.6,Adaptive
S093,10,59.8,7,59.0,4,42,11.7,96.1,4,3,0.32,0,0.95,0.15,0.57,70.0,14.3,Adaptive
S094,13,46.4,3,89.1,18,37,13.4,84.0,5,1,0.63,0,0.92,0.36,0.36,74.1,14.1,Adaptive
S095,21,32.3,9,82.2,1,32,26.4,64.9,1,2,0.57,0,0.48,0.67,0.84,59.9,17.7,Competency-Based
S096,19,48.2,6,75.3,9,5,15.8,81.3,1,3,0.34,0,0.7,0.1,0.86,73.4,13.1,Adaptive
S097,10,56.2,3,71.2,1,59,26.2,89.7,7,1,0.32,0,0.5,0.42,0.89,67.3,17.1,Adaptive
S098,5,58.1,5,74.4,10,12,23.6,86.9,2,3,0.79,0,0.64,0.33,0.82,70.0,12.6,Adaptive
S099,5,17.6,2,57.2,17,41,11.9,66.5,0,2,0.32,1,0.43,0.14,0.4,61.0,5.9,Competency-Based
S100,3,32.8,7,59.2,14,36,19.2,97.0,5,1,0.52,1,0.52,0.42,0.33,64.9,10.8,Competency-Based
S101,7,19.8,3,54.1,8,52,22.9,77.1,4,1,0.55,1,0.6,0.28,0.65,59.8,11.7,Competency-Based
S102,12,30.1,2,56.9,18,47,13.2,66.0,7,1,0.36,0,0.64,0.35,0.85,55.9,7.1,Competency-Based
S103,9,22.6,6,70.4,8,41,26.3,66.8,5,2,0.38,0,0.94,0.59,0.41,56.9,6.5,Competency-Based
S104,11,44.1,2,73.9,2,8,20.0,63.7,7,3,0.48,1,0.84,0.47,0.3,59.6,13.0,Competency-Based
S105,9,32.5,7,50.8,8,34,11.6,90.5,2,1,0.68,0,0.81,0.19,0.78,64.5,6.3,Competency-Based
S106,11,25.3,3,85.9,13,10,20.8,64.6,3,3,0.55,1,0.7,0.77,0.35,59.0,9.5,Competency-Based
S107,10,27.0,5,63.2,18,50,30.0,64.8,3,3,0.62,0,0.86,0.55,0.55,54.4,16.2,Competency-Based
S108,14,31.2,8,91.0,6,58,11.3,92.3,2,2,0.79,1,0.59,0.64,0.71,72.1,19.5,Competency-Based
S109,4,26.7,6,93.5,15,23,26.0,73.1,4,1,0.68,1,0.79,0.16,0.44,76.7,15.8,Adaptive
S110,3,35.4,3,58.3,15,36,12.6,61.2,6,3,0.52,1,0.95,0.13,0.35,59.5,19.9,Competency-Based
S111,18,16.5,7,70.8,0,13,25.2,62.0,2,1,0.52,0,0.57,0.11,0.76,65.5,15.5,Adaptive
S112,7,27.6,6,50.1,3,16,24.2,65.4,7,1,0.61,1,0.77,0.23,0.68,55.4,9.4,Competency-Based
S113,5,33.5,4,76.9,3,15,14.6,68.1,4,2,0.63,0,0.86,0.39,0.89,64.0,15.1,Competency-Based
S114,14,42.1,2,77.3,6,50,15.2,85.3,1,1,0.55,0,0.9,0.76,0.51,62.2,15.5,Competency-Based
S115,10,27.2,8,61.1,7,59,25.4,66.0,2,1,0.62,0,0.79,0.42,0.34,56.6,10.6,Competency-Based
S116,24,21.0,7,75.1,16,20,18.2,64.5,4,3,0.31,0,0.56,0.3,0.74,64.0,5.3,Competency-Based
S117,5,18.4,4,60.1,4,5,24.1,89.1,2,2,0.51,0,0.58,0.49,0.61,61.8,15.5,Competency-Based
S118,3,57.3,9,57.2,6,49,11.3,85.5,2,1,0.44,0,0.41,0.18,0.43,65.7,5.3,Adaptive
S119,5,33.7,3,79.3,19,59,26.8,76.5,6,3,0.36,0,0.82,0.53,0.77,64.5,14.5,Competency-Based
S120,7,41.2,5,64.7,19,57,23.6,80.9,6,2,0.35,1,0.42,0.5,0.42,60.6,7.5,Competency-Based
S121,17,56.4,6,76.6,3,25,28.0,71.9,7,2,0.6,1,0.88,0.65,0.46,59.5,13.5,Competency-Based
S122,16,18.7,2,69.5,5,34,10.9,78.3,4,3,0.56,1,0.47,0.79,0.36,56.1,12.6,Competency-Based
S123,5,54.4,6,94.3,6,17,21.0,79.3,4,3,0.43,0,0.49,0.28,0.54,76.5,5.2,Adaptive
S124,3,39.8,8,56.7,17,38,21.2,74.7,0,3,0.54,0,0.66,0.46,0.55,56.9,10.4,Competency-Based
S125,7,22.4,3,70.9,4,8,15.8,94.4,2,3,0.55,0,0.81,0.74,0.61,62.7,14.0,Competency-Based
S126,16,33.5,6,80.6,19,32,18.1,60.6,3,3,0.4,0,0.48,0.65,0.73,58.1,17.7,Competency-Based
S127,9,50.0,2,67.8,2,42,8.8,89.7,2,1,0.63,1,0.64,0.44,0.84,66.0,18.3,Adaptive
S128,11,36.6,3,93.9,6,35,24.4,64.7,2,1,0.69,0,0.67,0.76,0.38,62.6,12.3,Competency-Based
S129,17,59.3,6,82.5,13,59,20.1,90.3,4,2,0.7,1,0.52,0.14,0.33,77.9,15.9,Adaptive
S130,17,32.0,5,79.6,6,31,9.3,83.4,2,1,0.6,0,0.46,0.75,0.31,62.7,9.7,Competency-Based
S131,12,48.7,7,84.1,4,9,23.0,92.0,5,1,0.56,1,0.86,0.14,0.39,78.9,10.1,Adaptive
S132,15,32.7,3,92.9,4,29,18.3,63.7,2,1,0.33,0,0.68,0.48,0.69,67.5,7.9,Adaptive
S133,21,52.3,7,90.9,1,7,8.8,81.2,5,3,0.44,1,0.41,0.72,0.74,66.8,13.4,Competency-Based
S134,9,40.6,9,82.6,5,37,29.3,79.0,6,2,0.35,0,0.84,0.28,0.77,71.5,9.7,Adaptive
S135,19,17.9,3,83.7,14,8,28.9,86.8,3,2,0.78,1,0.94,0.43,0.45,71.6,6.3,Adaptive
S136,22,16.7,5,56.6,9,29,19.3,80.3,7,2,0.37,0,0.73,0.33,0.48,60.4,15.3,Competency-Based
S137,6,21.0,7,54.6,6,24,10.1,80.5,4,2,0.38,1,0.68,0.77,0.59,51.2,15.6,Competency-Based
S138,7,15.6,4,75.7,4,38,24.6,76.3,2,1,0.74,1,0.88,0.68,0.34,60.4,10.4,Competency-Based
S139,9,18.4,2,50.8,0,30,18.8,71.7,5,1,0.77,0,0.92,0.6,0.67,50.3,6.2,Competency-Based
S140,15,46.1,4,71.7,12,9,14.7,78.3,5,3,0.68,1,0.81,0.51,0.89,62.5,11.4,Competency-Based
S141,17,39.0,6,59.5,17,39,18.8,64.5,6,2,0.3,0,0.64,0.67,0.52,50.2,11.6,Competency-Based
S142,13,48.7,5,65.6,12,32,19.5,96.5,5,1,0.3,0,0.73,0.37,0.75,68.3,15.0,Adaptive
S143,6,56.1,4,84.9,17,33,20.4,87.1,7,1,0.49,0,0.79,0.41,0.6,72.2,9.7,Adaptive
S144,15,41.3,3,92.4,4,13,17.7,96.2,1,3,0.37,1,0.51,0.61,0.38,74.5,15.2,Competency-Based
S145,9,47.7,6,53.3,12,56,21.3,68.6,0,3,0.31,1,0.65,0.35,0.65,55.9,18.1,Competency-Based
S146,21,49.1,6,74.0,3,42,28.2,93.4,7,3,0.53,0,0.86,0.14,0.48,75.1,8.6,Adaptive
S147,24,32.0,4,89.7,16,54,16.0,90.7,3,1,0.77,0,0.76,0.15,0.32,80.8,19.7,Adaptive
S148,4,25.8,9,53.7,2,10,24.0,85.7,7,1,0.46,1,0.63,0.18,0.68,63.9,10.8,Competency-Based
S149,12,24.2,4,87.1,16,23,27.7,83.8,6,3,0.63,1,0.76,0.71,0.82,66.2,9.0,Competency-Based
S150,15,26.3,9,66.1,10,48,18.0,72.0,6,2,0.63,1,0.47,0.43,0.51,59.8,11.3,Competency-Based
S151,23,27.4,5,64.5,19,15,17.8,91.0,7,3,0.43,0,0.62,0.6,0.53,61.4,6.4,Competency-Based
S152,8,24.3,2,94.0,3,6,21.2,79.1,2,3,0.63,0,0.84,0.38,0.83,74.5,6.9,Adaptive
S153,14,54.5,4,59.0,1,51,21.0,62.7,1,3,0.41,0,0.52,0.28,0.79,57.7,11.2,Competency-Based
S154,14,49.1,8,81.2,19,48,25.7,71.9,2,3,0.36,0,0.5,0.34,0.73,68.0,16.4,Adaptive
S155,22,17.1,9,87.0,15,48,18.5,95.5,2,1,0.65,0,0.92,0.66,0.45,71.0,18.5,Competency-Based
S156,13,27.1,4,51.9,17,13,29.9,92.3,7,2,0.36,1,0.52,0.54,0.85,58.0,15.0,Competency-Based
S157,9,16.0,7,80.2,7,25,9.3,97.3,4,3,0.8,0,0.54,0.76,0.39,66.7,6.6,Competency-Based
S158,3,37.4,3,92.8,2,28,8.1,83.9,4,2,0.39,1,0.93,0.58,0.68,71.3,15.1,Adaptive
S159,3,36.4,8,55.6,8,38,22.1,69.4,4,2,0.6,1,0.8,0.5,0.32,53.7,14.5,Competency-Based
S160,22,52.4,8,90.3,19,26,14.6,66.2,1,2,0.51,0,0.78,0.53,0.69,66.3,17.1,Adaptive
S161,15,28.8,9,76.8,5,7,13.3,67.1,2,3,0.36,1,0.87,0.76,0.47,56.4,17.4,Competency-Based
S162,11,51.7,7,77.7,9,16,14.9,60.8,0,1,0.31,0,0.46,0.65,0.57,57.3,18.0,Competency-Based
S163,5,58.6,7,77.6,9,32,13.6,74.8,3,3,0.61,1,0.79,0.12,0.51,71.8,11.2,Adaptive
S164,9,19.0,6,63.4,12,34,8.7,67.3,4,2,0.7,0,0.68,0.47,0.4,56.8,15.5,Competency-Based
S165,8,50.6,9,92.1,16,30,29.4,75.6,4,2,0.72,0,0.86,0.58,0.67,68.5,9.0,Adaptive
S166,10,41.5,2,92.6,8,52,12.9,95.5,6,1,0.54,1,0.68,0.62,0.83,73.7,20.0,Competency-Based
S167,11,36.6,3,78.1,16,25,24.1,76.4,2,3,0.69,0,0.74,0.25,0.88,70.0,7.6,Adaptive
S168,7,33.9,5,85.3,8,32,24.8,93.4,2,2,0.64,1,0.66,0.71,0.42,68.7,5.2,Competency-Based
S169,3,50.3,8,77.6,8,30,28.4,83.0,1,1,0.66,0,0.66,0.77,0.73,61.4,7.2,Competency-Based
S170,21,43.8,5,71.8,0,37,8.7,69.4,1,2,0.55,0,0.82,0.27,0.7,65.0,16.6,Adaptive
S171,12,51.2,4,79.7,1,25,27.2,73.5,4,1,0.62,0,0.75,0.72,0.51,60.1,11.7,Competency-Based
S172,14,55.6,4,74.9,15,39,19.6,63.2,2,1,0.7,1,0.75,0.17,0.31,66.3,11.7,Adaptive
S173,17,42.8,5,76.9,0,56,21.9,72.7,0,3,0.5,1,0.65,0.14,0.71,70.8,19.3,Adaptive
S174,24,59.1,4,85.3,9,38,22.2,85.7,3,2,0.7,0,0.69,0.19,0.87,76.7,18.8,Adaptive
S175,11,42.4,2,71.6,17,45,26.0,62.7,7,3,0.6,1,0.81,0.14,0.68,65.0,9.7,Adaptive
S176,22,43.6,7,51.8,7,55,15.3,67.8,2,2,0.38,0,0.85,0.69,0.56,48.1,8.1,Competency-Based
S177,19,40.0,4,57.4,10,51,24.1,74.5,6,3,0.31,1,0.78,0.14,0.62,62.9,17.7,Competency-Based
S178,19,19.1,6,69.7,1,22,19.6,97.3,7,2,0.48,1,0.91,0.29,0.42,71.6,18.6,Adaptive
S179,22,47.7,4,82.6,7,15,25.5,89.8,2,3,0.57,0,0.85,0.17,0.75,77.4,13.1,Adaptive
S180,14,39.6,3,76.7,7,27,29.8,87.9,5,1,0.72,0,0.71,0.31,0.75,71.4,14.4,Adaptive
S181,9,35.3,2,79.3,16,52,12.4,64.4,1,2,0.36,0,0.77,0.16,0.39,68.7,8.9,Adaptive
S182,4,56.0,3,71.6,14,26,29.9,89.7,6,2,0.7,0,0.91,0.57,0.83,64.6,17.0,Competency-Based
S183,5,28.4,3,77.7,16,21,10.0,89.8,3,1,0.73,0,0.74,0.19,0.46,74.9,14.5,Adaptive
S184,19,38.6,6,64.8,12,9,8.1,82.8,4,3,0.38,1,0.85,0.7,0.89,57.4,12.6,Competency-Based
S185,7,46.4,2,71.2,18,48,9.0,97.6,6,2,0.73,1,0.78,0.67,0.53,64.8,5.9,Competency-Based
S186,19,50.8,2,83.5,4,15,15.5,72.4,2,2,0.8,0,0.7,0.11,0.41,73.7,18.7,Adaptive
S187,19,35.7,9,89.2,11,34,21.9,95.8,4,3,0.66,0,0.53,0.73,0.51,70.4,14.2,Competency-Based
S188,19,52.9,2,69.5,0,19,9.5,94.8,2,1,0.69,0,0.63,0.12,0.56,74.6,7.9,Adaptive
S189,4,49.6,2,52.0,4,31,8.1,60.4,4,3,0.8,1,0.93,0.27,0.34,54.1,14.1,Competency-Based
S190,4,18.0,2,57.3,7,39,28.6,77.1,3,3,0.6,0,0.76,0.12,0.65,64.4,15.2,Competency-Based
S191,24,17.1,6,50.9,12,37,26.1,97.1,1,3,0.45,0,0.71,0.34,0.66,63.6,12.9,Competency-Based
S192,7,42.9,4,79.4,7,24,25.8,63.9,3,2,0.72,1,0.91,0.46,0.74,62.4,15.8,Competency-Based
S193,3,30.6,9,65.0,10,20,27.5,80.8,5,1,0.61,1,0.72,0.66,0.32,57.5,13.7,Competency-Based
S194,3,24.4,3,74.4,0,38,23.4,97.2,0,1,0.59,1,0.69,0.34,0.62,73.1,19.2,Adaptive
S195,21,41.1,2,72.2,12,6,10.3,81.1,1,3,0.43,1,0.82,0.59,0.33,62.3,5.8,Competency-Based
S196,4,30.4,8,53.7,18,39,16.8,67.2,3,2,0.68,0,0.79,0.23,0.72,57.7,6.6,Competency-Based
S197,23,39.2,4,68.1,2,44,23.9,82.1,5,3,0.34,1,0.51,0.63,0.33,59.8,7.6,Competency-Based
S198,14,35.7,4,59.9,16,32,14.2,67.8,0,2,0.76,1,0.66,0.27,0.85,59.9,15.4,Competency-Based
S199,8,41.3,3,68.8,4,51,23.1,79.7,5,2,0.46,0,0.66,0.2,0.72,67.9,14.7,Adaptive
S200,6,33.0,6,59.2,19,43,8.5,62.8,2,2,0.36,0,0.61,0.23,0.6,58.7,18.4,Competency-Based
S201,13,46.4,5,87.8,7,10,14.7,83.0,7,2,0.52,0,0.68,0.23,0.56,75.7,16.0,Adaptive
S202,19,23.1,5,57.8,13,13,20.1,79.6,2,1,0.32,1,0.63,0.46,0.38,58.6,12.6,Competency-Based
S203,8,46.3,4,93.2,3,24,21.9,88.1,4,2,0.64,0,0.51,0.69,0.47,70.5,19.9,Competency-Based
S204,7,33.5,7,68.7,10,5,20.7,84.0,1,2,0.75,1,0.63,0.16,0.82,70.4,9.0,Adaptive
S205,22,54.3,7,88.1,19,12,23.4,80.9,2,3,0.72,1,0.44,0.59,0.84,68.5,17.5,Adaptive
S206,4,38.2,3,78.3,14,59,8.1,86.2,6,3,0.36,1,0.72,0.56,0.3,66.4,11.4,Adaptive
S207,8,58.8,5,83.1,18,27,10.2,65.5,5,1,0.36,0,0.87,0.71,0.66,59.2,14.7,Competency-Based
S208,24,42.1,4,84.5,6,7,27.1,82.6,1,3,0.71,1,0.8,0.27,0.73,74.1,15.9,Adaptive
S209,13,25.1,6,72.7,18,8,23.0,66.5,7,2,0.76,0,0.6,0.42,0.67,60.9,14.5,Competency-Based
S210,18,52.0,5,74.4,18,29,10.5,95.2,6,3,0.53,0,0.45,0.75,0.35,63.7,7.1,Competency-Based
S211,18,30.5,4,73.1,10,51,26.5,62.6,2,1,0.55,0,0.51,0.56,0.43,57.6,11.6,Competency-Based
S212,3,30.6,4,76.5,4,42,13.3,76.4,4,3,0.46,1,0.7,0.37,0.45,66.7,13.4,Adaptive
S213,11,16.4,2,51.3,4,19,18.5,86.4,3,3,0.75,1,0.51,0.19,0.8,63.3,17.7,Competency-Based
S214,8,39.7,6,67.8,7,25,11.2,77.4,4,1,0.62,1,0.7,0.28,0.58,65.3,11.7,Adaptive
S215,18,39.0,2,77.3,9,39,23.6,63.5,6,1,0.44,0,0.53,0.51,0.59,60.2,18.8,Competency-Based
S216,5,31.0,3,76.9,5,57,22.7,81.0,0,2,0.45,1,0.87,0.6,0.86,64.1,11.6,Competency-Based
S217,22,55.2,2,85.7,14,57,12.6,84.4,2,3,0.75,1,0.62,0.19,0.68,76.6,13.2,Adaptive
S218,6,20.8,8,79.5,15,50,27.0,86.7,6,2,0.31,1,0.54,0.52,0.84,67.8,16.9,Adaptive
S219,21,29.9,2,94.6,16,56,16.8,74.2,0,3,0.46,1,0.85,0.49,0.57,71.3,13.7,Adaptive
S220,5,29.5,8,62.8,7,18,14.4,81.4,0,3,0.58,1,0.59,0.46,0.39,61.3,19.4,Competency-Based
S221,21,19.2,5,66.2,7,40,11.4,77.1,5,2,0.37,0,0.46,0.58,0.86,58.5,14.9,Competency-Based
S222,22,36.7,7,67.3,8,16,13.9,85.5,1,3,0.35,0,0.71,0.69,0.58,59.7,12.8,Competency-Based
S223,9,46.0,9,71.0,1,21,8.5,82.2,5,3,0.71,0,0.72,0.33,0.41,67.0,5.4,Adaptive
S224,22,38.0,9,87.6,14,43,20.8,80.0,2,3,0.75,0,0.79,0.72,0.48,65.4,11.2,Competency-Based
S225,11,22.1,4,60.6,17,13,26.5,69.5,0,1,0.71,1,0.53,0.21,0.33,61.9,9.5,Competency-Based
S226,3,32.0,9,84.9,2,39,20.1,60.1,7,2,0.75,0,0.64,0.22,0.58,67.9,16.2,Adaptive
S227,10,15.1,8,68.2,16,17,12.8,66.6,6,1,0.58,1,0.56,0.29,0.81,61.9,8.1,Competency-Based
S228,9,54.1,6,77.1,3,19,8.7,64.4,3,2,0.71,0,0.44,0.18,0.86,67.3,8.1,Adaptive
S229,20,18.8,2,78.5,3,22,12.7,77.1,0,2,0.49,0,0.88,0.26,0.86,70.3,7.8,Adaptive
S230,10,41.9,8,66.8,13,55,17.2,83.3,6,3,0.63,0,0.8,0.17,0.38,68.7,6.9,Adaptive
S231,3,59.4,6,73.1,8,37,24.7,68.1,7,2,0.79,1,0.57,0.68,0.53,56.4,9.7,Competency-Based
S232,13,39.1,7,68.6,8,10,12.1,95.7,3,1,0.41,1,0.73,0.2,0.32,72.9,18.3,Adaptive
S233,20,56.6,9,53.1,17,31,23.8,60.3,5,1,0.49,0,0.51,0.62,0.81,47.4,16.6,Competency-Based
S234,12,25.6,7,69.7,9,27,27.1,89.3,5,1,0.54,1,0.89,0.13,0.52,72.6,16.0,Adaptive
S235,5,49.2,9,54.4,3,31,18.0,83.8,1,2,0.37,0,0.46,0.76,0.68,52.6,17.0,Competency-Based
S236,9,38.9,2,68.2,11,38,26.1,74.2,6,1,0.34,0,0.4,0.6,0.73,57.9,9.0,Competency-Based
S237,18,47.4,3,76.7,7,50,20.2,61.9,0,2,0.71,0,0.68,0.1,0.56,68.2,18.3,Adaptive
S238,18,17.8,2,76.1,1,42,22.0,83.8,4,1,0.79,1,0.72,0.63,0.48,63.6,7.1,Competency-Based
S239,22,21.6,5,79.8,12,18,19.6,74.7,5,1,0.5,0,0.72,0.46,0.88,65.6,10.0,Adaptive
S240,19,21.0,8,54.3,15,40,18.2,95.6,5,2,0.34,0,0.43,0.65,0.88,57.9,13.8,Competency-Based
S241,4,45.9,4,79.3,1,57,13.2,80.6,1,1,0.33,0,0.57,0.47,0.47,67.4,6.5,Adaptive
S242,3,53.0,3,64.0,10,12,14.7,95.7,3,3,0.75,1,0.67,0.55,0.59,64.0,16.0,Competency-Based
S243,18,48.7,2,68.0,9,39,14.4,68.4,1,2,0.53,0,0.52,0.65,0.88,55.6,10.8,Competency-Based
S244,14,16.4,6,88.6,14,23,20.4,87.6,7,2,0.46,1,0.88,0.38,0.3,74.4,16.8,Adaptive
S245,7,54.0,3,50.4,16,34,10.6,83.5,0,2,0.54,0,0.45,0.1,0.55,64.2,12.4,Competency-Based
S246,7,30.9,8,76.5,7,18,28.2,88.1,6,3,0.46,1,0.67,0.69,0.36,63.6,7.7,Competency-Based
S247,11,32.9,9,76.9,17,24,23.9,68.2,2,2,0.54,0,0.78,0.37,0.61,64.6,16.0,Competency-Based
S248,11,19.7,3,67.8,8,53,16.8,85.3,2,1,0.73,0,0.54,0.45,0.31,64.5,8.8,Competency-Based
S249,5,48.2,9,60.7,7,29,11.5,78.9,6,1,0.6,1,0.74,0.11,0.54,66.2,12.4,Adaptive
S250,21,23.2,8,60.6,13,44,27.4,88.2,3,1,0.65,1,0.86,0.44,0.43,62.6,6.1,Competency-Based
S251,18,40.4,2,89.8,17,28,26.1,72.4,7,2,0.48,0,0.5,0.79,0.62,62.1,14.3,Competency-Based
S252,18,52.8,8,69.9,19,18,23.9,93.8,5,1,0.67,1,0.9,0.29,0.9,70.8,15.0,Adaptive
S253,5,19.0,3,64.9,19,30,14.0,63.2,3,2,0.63,0,0.7,0.38,0.78,58.0,10.7,Competency-Based
S254,22,39.1,6,70.2,11,42,16.9,90.7,5,1,0.36,0,0.56,0.58,0.81,64.2,19.3,Competency-Based
S255,24,25.5,7,80.1,18,27,10.3,92.7,5,3,0.59,0,0.64,0.67,0.68,66.9,18.1,Competency-Based
S256,3,30.4,3,56.6,13,26,12.2,91.1,2,3,0.43,1,0.57,0.39,0.32,63.0,15.6,Competency-Based
S257,22,36.3,8,70.2,16,52,25.2,79.5,3,3,0.7,0,0.8,0.32,0.42,66.2,15.7,Adaptive
S258,13,31.0,7,76.5,2,23,23.7,76.7,7,3,0.51,1,0.84,0.76,0.86,58.7,8.8,Competency-Based
S259,19,44.2,8,92.7,6,50,21.1,97.9,1,2,0.8,0,0.86,0.57,0.52,76.0,14.9,Adaptive
S260,10,36.6,6,61.4,16,55,27.7,68.7,5,1,0.35,1,0.94,0.18,0.36,62.1,8.0,Competency-Based
S261,6,41.3,8,66.2,11,7,20.8,80.8,4,3,0.69,1,0.84,0.15,0.72,68.3,7.2,Adaptive
S262,8,48.2,2,67.1,8,46,18.3,85.5,4,2,0.64,0,0.73,0.44,0.48,64.3,20.0,Competency-Based
S263,10,40.1,4,77.2,14,23,15.5,86.6,1,3,0.68,1,0.59,0.25,0.46,72.8,14.3,Adaptive
S264,22,41.4,9,66.1,17,13,28.7,67.8,4,3,0.45,0,0.7,0.28,0.9,61.8,11.5,Competency-Based
S265,5,40.4,9,74.0,12,32,9.8,84.9,0,2,0.55,0,0.42,0.71,0.81,61.9,9.3,Competency-Based
S266,18,32.0,3,85.2,7,24,28.5,91.1,5,2,0.7,0,0.81,0.16,0.54,78.7,14.1,Adaptive
S267,5,30.2,4,81.7,13,49,26.2,61.9,1,1,0.42,0,0.65,0.6,0.89,60.2,5.7,Competency-Based
S268,20,55.5,8,70.1,7,11,10.9,94.6,3,1,0.41,0,0.41,0.29,0.69,71.3,6.4,Adaptive
S269,16,42.3,6,88.9,13,18,20.4,61.1,5,3,0.58,1,0.43,0.63,0.75,61.8,5.5,Competency-Based
S270,20,26.0,3,75.1,6,13,27.1,73.5,1,3,0.56,0,0.61,0.61,0.32,60.8,12.5,Competency-Based
S271,4,37.4,8,74.3,11,59,20.6,60.6,2,1,0.44,1,0.72,0.11,0.37,66.5,14.0,Adaptive
S272,24,29.9,7,51.5,10,23,28.0,62.9,7,1,0.45,1,0.66,0.46,0.68,50.6,5.9,Competency-Based
S273,5,57.0,5,94.4,10,51,28.7,94.6,3,2,0.44,0,0.74,0.2,0.84,82.8,15.8,Adaptive
S274,18,15.3,8,55.5,12,56,17.3,73.5,7,1,0.69,1,0.66,0.71,0.67,50.3,8.5,Competency-Based
S275,11,25.1,4,60.4,17,18,16.3,76.1,2,1,0.63,0,0.76,0.71,0.38,53.6,15.3,Competency-Based
S276,6,31.4,3,52.3,1,42,28.6,68.2,5,3,0.72,1,0.52,0.39,0.37,54.1,19.7,Competency-Based
S277,3,37.0,4,78.8,14,57,22.9,82.7,3,1,0.79,1,0.46,0.41,0.81,68.8,15.4,Adaptive
S278,6,53.3,3,60.1,19,40,10.6,82.6,7,3,0.54,1,0.73,0.31,0.38,62.9,18.2,Competency-Based
S279,3,19.0,8,58.1,17,44,8.9,74.1,4,1,0.33,0,0.67,0.6,0.61,54.1,19.2,Competency-Based
S280,16,51.3,2,54.0,14,21,20.4,72.7,7,2,0.32,1,0.41,0.35,0.32,56.7,12.3,Competency-Based
S281,23,17.5,7,54.6,18,34,28.5,93.6,1,1,0.45,0,0.61,0.29,0.35,65.0,15.5,Adaptive
S282,18,52.9,8,76.3,11,13,26.6,74.6,5,1,0.77,1,0.46,0.4,0.7,65.4,17.8,Adaptive
S283,22,17.3,9,81.0,12,37,22.9,78.8,0,1,0.56,1,0.69,0.16,0.71,73.8,10.3,Adaptive
S284,10,15.8,4,67.9,10,56,11.1,70.8,7,3,0.44,1,0.62,0.62,0.5,56.3,8.9,Competency-Based
S285,9,46.4,5,71.6,4,29,13.6,89.9,3,2,0.5,1,0.74,0.11,0.43,74.1,19.2,Adaptive
S286,5,59.9,5,80.9,0,18,27.3,75.1,3,1,0.6,0,0.84,0.55,0.79,64.6,15.9,Competency-Based
S287,19,55.3,6,50.8,2,15,12.0,79.5,6,3,0.63,0,0.56,0.23,0.43,60.0,8.3,Competency-Based
S288,3,40.9,3,64.5,18,57,14.1,69.6,7,2,0.38,1,0.93,0.26,0.63,61.8,11.7,Competency-Based
S289,18,56.3,4,93.8,6,39,10.9,97.5,5,3,0.79,1,0.69,0.54,0.88,76.5,16.9,Adaptive
S290,14,15.2,6,76.1,11,45,22.9,71.1,5,3,0.57,0,0.74,0.8,0.39,56.3,13.2,Competency-Based
S291,21,58.9,4,61.4,14,18,28.8,89.3,2,2,0.37,0,0.77,0.64,0.86,59.4,14.7,Competency-Based
S292,24,37.1,9,73.5,4,34,13.9,76.2,6,1,0.75,0,0.77,0.26,0.41,67.5,16.3,Adaptive
S293,24,47.5,3,65.4,14,45,18.5,67.8,7,3,0.34,0,0.68,0.22,0.64,62.4,14.3,Competency-Based
S294,16,51.9,8,74.0,7,8,22.0,90.4,4,3,0.75,1,0.64,0.71,0.53,63.1,13.1,Competency-Based
S295,8,47.3,8,55.7,9,8,30.0,72.7,2,1,0.8,1,0.43,0.41,0.88,56.7,16.2,Competency-Based
S296,8,39.1,5,56.0,15,32,10.3,92.9,6,1,0.65,0,0.41,0.2,0.46,66.7,15.9,Adaptive
S297,15,36.4,8,56.5,7,12,19.0,94.8,7,2,0.69,0,0.6,0.7,0.54,57.3,14.4,Competency-Based
S298,21,52.7,8,92.3,0,6,16.5,92.7,7,2,0.47,0,0.58,0.67,0.89,71.6,10.4,Competency-Based
S299,24,24.2,9,83.0,11,45,27.0,61.3,2,2,0.77,0,0.61,0.79,0.62,56.6,11.1,Competency-Based
S300,10,58.6,2,57.3,4,50,18.5,89.9,4,1,0.56,0,0.48,0.74,0.6,55.7,19.6,Competency-Based
S301,4,47.0,5,58.5,2,26,10.4,75.6,6,3,0.67,0,0.81,0.7,0.45,52.5,6.7,Competency-Based
S302,23,24.0,6,82.9,0,45,22.0,93.2,7,3,0.76,1,0.87,0.14,0.72,78.6,9.0,Adaptive
S303,3,48.1,7,57.0,3,59,25.0,84.2,7,2,0.79,1,0.92,0.17,0.31,65.0,12.4,Adaptive
S304,17,38.8,2,60.6,7,20,8.1,91.7,6,1,0.72,1,0.67,0.5,0.33,62.2,17.6,Competency-Based
S305,3,46.8,6,93.4,2,33,26.9,79.0,0,3,0.45,0,0.79,0.47,0.66,72.7,7.5,Adaptive
S306,7,49.6,3,61.5,9,53,12.1,80.3,2,2,0.78,0,0.87,0.42,0.51,61.1,9.2,Competency-Based
S307,18,18.9,2,79.8,1,52,20.1,65.5,2,3,0.61,0,0.63,0.38,0.87,64.8,6.0,Competency-Based
S308,21,37.8,9,94.0,10,34,17.1,89.8,3,3,0.77,1,0.57,0.4,0.84,77.2,15.6,Adaptive
S309,6,56.9,6,66.8,9,16,23.8,75.9,4,1,0.64,0,0.92,0.5,0.73,60.1,8.6,Competency-Based
S310,5,29.4,3,50.8,13,39,16.2,79.0,1,1,0.45,0,0.68,0.1,0.79,62.9,10.8,Competency-Based
S311,19,41.7,5,61.0,6,15,27.1,89.8,0,3,0.49,1,0.67,0.28,0.7,66.7,11.7,Adaptive
S312,19,31.6,7,87.4,1,50,24.1,82.8,6,2,0.58,0,0.5,0.46,0.38,71.0,18.4,Adaptive
S313,14,35.4,3,88.9,8,54,22.2,67.6,6,1,0.7,1,0.46,0.61,0.76,64.0,11.2,Competency-Based
S314,16,39.7,8,84.6,15,25,25.5,82.4,6,3,0.46,1,0.86,0.22,0.43,74.6,7.2,Adaptive
S315,23,39.7,4,55.1,12,25,24.6,75.5,0,1,0.59,0,0.74,0.48,0.49,56.1,12.9,Competency-Based
S316,8,24.1,3,85.8,8,9,8.8,77.8,7,1,0.47,1,0.58,0.6,0.79,66.0,19.4,Adaptive
S317,5,45.8,3,91.3,19,52,16.7,61.1,6,1,0.71,0,0.51,0.41,0.62,67.0,14.1,Adaptive
S318,11,19.0,7,77.0,3,24,28.5,68.0,6,3,0.53,1,0.71,0.12,0.82,69.2,19.8,Adaptive
S319,7,21.2,4,92.3,9,41,10.8,70.7,4,2,0.34,0,0.72,0.41,0.43,70.5,17.6,Adaptive
S320,19,15.1,8,87.2,11,7,24.2,87.1,5,2,0.38,1,0.51,0.31,0.66,75.3,5.5,Adaptive
S321,16,20.3,6,80.0,16,48,29.4,60.4,5,2,0.33,0,0.87,0.75,0.35,55.6,14.9,Competency-Based
S322,23,36.3,6,76.0,13,37,9.1,75.5,3,1,0.55,1,0.45,0.19,0.69,70.0,9.3,Adaptive
S323,5,42.3,3,65.7,13,57,23.0,95.1,3,3,0.35,1,0.6,0.56,0.76,64.3,13.4,Competency-Based
S324,3,50.7,9,57.2,1,13,18.3,64.3,6,1,0.36,1,0.77,0.14,0.65,59.8,9.2,Competency-Based
S325,22,19.8,9,77.2,19,13,20.7,79.6,4,2,0.77,0,0.55,0.41,0.46,67.2,10.2,Adaptive
S326,23,53.3,4,64.3,10,8,9.9,89.9,6,2,0.74,0,0.86,0.49,0.32,63.3,18.8,Competency-Based
S327,3,48.6,4,89.0,15,39,8.9,95.8,3,3,0.53,1,0.81,0.31,0.37,78.8,8.1,Adaptive
S328,5,33.4,8,94.7,18,21,22.7,88.4,0,1,0.79,0,0.83,0.42,0.67,77.0,18.1,Adaptive
S329,20,57.0,7,83.9,5,38,26.1,87.4,0,2,0.3,1,0.47,0.21,0.86,76.6,5.5,Adaptive
S330,12,59.6,5,54.1,18,28,25.2,91.4,7,3,0.61,0,0.48,0.31,0.42,63.2,6.4,Competency-Based
S331,24,24.2,6,63.0,4,36,20.0,77.0,1,1,0.61,1,0.56,0.53,0.74,58.6,17.8,Competency-Based
S332,5,32.1,7,54.9,3,5,10.2,90.6,5,1,0.53,0,0.68,0.31,0.82,63.4,14.5,Competency-Based
S333,10,56.7,2,79.3,14,12,23.1,60.3,4,2,0.5,1,0.81,0.73,0.61,55.8,16.2,Competency-Based
S334,16,47.5,6,84.4,3,49,13.3,95.1,2,2,0.53,1,0.86,0.54,0.7,72.3,8.1,Adaptive
S335,20,17.2,7,91.7,19,27,28.0,76.8,5,1,0.51,1,0.79,0.41,0.79,72.0,13.1,Adaptive
S336,17,50.2,6,69.7,9,51,26.4,81.0,2,1,0.67,1,0.91,0.13,0.46,70.4,16.1,Adaptive
S337,24,52.3,5,90.6,2,44,23.6,69.7,1,2,0.37,0,0.81,0.45,0.48,69.1,14.4,Adaptive
S338,4,48.8,2,89.5,4,16,28.9,88.2,1,1,0.4,1,0.57,0.64,0.3,70.4,12.1,Competency-Based
S339,12,51.0,9,64.3,5,58,8.7,62.9,6,2,0.39,0,0.55,0.29,0.88,59.2,19.4,Competency-Based
S340,4,52.1,9,89.1,7,16,24.2,93.2,3,1,0.43,0,0.78,0.66,0.85,71.1,15.1,Competency-Based
S341,19,23.4,5,66.9,6,50,15.3,91.5,1,2,0.56,1,0.51,0.28,0.76,69.5,18.6,Adaptive
S342,10,25.6,8,63.4,9,51,27.9,68.2,1,3,0.36,0,0.45,0.68,0.35,53.1,15.9,Competency-Based
S343,3,43.5,2,79.2,5,19,13.9,90.8,2,2,0.73,0,0.69,0.16,0.57,76.5,16.0,Adaptive
S344,11,55.9,3,64.8,13,45,23.9,89.9,3,2,0.45,0,0.85,0.71,0.36,59.4,6.2,Competency-Based
S345,13,29.2,7,78.4,3,23,27.3,84.0,1,3,0.38,1,0.46,0.45,0.31,68.5,10.4,Adaptive
S346,24,41.5,2,77.4,12,30,8.9,74.2,5,1,0.64,0,0.84,0.31,0.67,67.5,17.9,Adaptive
S347,18,45.7,8,75.4,19,56,16.7,70.3,7,3,0.32,0,0.85,0.29,0.88,65.8,8.5,Adaptive
S348,9,35.3,8,67.1,16,33,24.8,68.8,1,2,0.61,1,0.67,0.4,0.84,60.4,6.7,Competency-Based
S349,12,47.1,5,74.7,6,26,18.0,72.1,7,1,0.65,1,0.43,0.8,0.72,55.8,9.9,Competency-Based
S350,5,55.5,6,76.8,3,44,13.9,94.3,3,3,0.41,0,0.5,0.25,0.36,74.7,8.3,Adaptive
S351,20,43.1,2,74.6,13,25,12.8,63.0,6,1,0.32,1,0.79,0.17,0.46,65.7,18.9,Adaptive
S352,15,39.3,7,70.0,2,55,10.9,91.5,4,1,0.48,0,0.79,0.51,0.49,65.9,18.0,Adaptive
S353,9,34.7,2,50.7,4,42,26.9,73.3,3,3,0.35,0,0.89,0.44,0.76,54.2,12.5,Competency-Based
S354,6,41.0,4,76.4,15,24,20.7,79.8,2,1,0.36,0,0.72,0.47,0.78,65.9,5.9,Adaptive
S355,15,31.0,6,57.6,19,33,9.7,90.2,4,3,0.43,1,0.47,0.57,0.53,59.3,15.7,Competency-Based
S356,22,32.6,7,78.9,3,55,16.4,93.6,5,2,0.45,0,0.47,0.29,0.55,74.3,14.4,Adaptive
S357,3,38.9,9,84.2,1,8,16.1,73.1,0,1,0.56,1,0.8,0.74,0.33,61.8,19.6,Competency-Based
S358,10,18.0,7,72.5,17,59,12.0,77.6,7,2,0.64,1,0.5,0.4,0.47,64.6,13.4,Competency-Based
S359,16,25.3,3,74.4,18,11,17.6,75.8,7,2,0.6,0,0.58,0.19,0.57,69.0,10.0,Adaptive
S360,18,39.4,5,92.8,18,32,15.3,60.5,7,1,0.37,1,0.67,0.62,0.37,63.2,12.8,Competency-Based
S361,16,34.4,3,88.1,16,32,15.5,71.2,3,3,0.39,1,0.41,0.55,0.57,66.3,19.7,Adaptive
S362,14,30.0,7,91.1,13,8,24.3,77.4,7,1,0.74,1,0.54,0.32,0.81,73.6,15.4,Adaptive
S363,21,47.9,6,86.6,18,26,12.9,75.6,6,2,0.58,1,0.62,0.54,0.65,66.9,15.1,Adaptive
S364,17,46.2,2,54.9,12,16,22.1,87.4,7,2,0.73,1,0.55,0.25,0.35,63.5,8.6,Competency-Based
S365,4,22.5,9,56.7,11,49,20.6,74.6,2,3,0.49,0,0.48,0.41,0.42,57.7,16.2,Competency-Based
S366,4,54.5,2,73.7,5,7,20.5,78.6,5,1,0.61,1,0.8,0.73,0.58,59.0,16.3,Competency-Based
S367,24,37.3,6,61.1,3,26,22.6,76.3,7,2,0.56,0,0.85,0.19,0.52,63.8,9.8,Competency-Based
S368,21,48.4,7,71.5,18,48,20.1,88.1,7,2,0.46,0,0.54,0.37,0.52,67.9,12.3,Adaptive
S369,24,40.8,8,67.7,15,6,27.3,92.8,4,2,0.53,0,0.83,0.67,0.62,62.1,9.4,Competency-Based
S370,24,59.9,2,74.7,12,28,22.9,80.2,5,3,0.55,0,0.61,0.78,0.65,58.8,8.9,Competency-Based
S371,19,48.9,8,83.6,3,38,20.0,90.0,7,2,0.4,0,0.68,0.42,0.78,72.3,5.4,Adaptive
S372,22,46.8,2,82.2,16,31,26.3,71.3,3,2,0.46,0,0.87,0.45,0.5,66.0,9.3,Adaptive
S373,12,50.0,2,73.5,0,59,21.3,80.6,1,1,0.7,1,0.81,0.5,0.78,64.5,13.3,Competency-Based
S374,8,21.4,9,87.0,17,45,14.4,73.1,6,1,0.76,1,0.84,0.75,0.5,62.1,5.0,Competency-Based
S375,17,24.2,5,69.4,19,5,12.6,75.7,3,2,0.48,1,0.48,0.7,0.33,57.2,9.2,Competency-Based
S376,24,47.1,5,90.4,16,12,11.4,87.8,0,2,0.45,0,0.44,0.22,0.63,79.1,18.2,Adaptive
S377,13,37.2,4,53.2,14,27,27.8,93.5,3,1,0.4,1,0.89,0.41,0.65,61.8,13.9,Competency-Based
S378,7,49.0,3,93.0,10,42,23.6,64.6,4,3,0.64,1,0.61,0.42,0.86,68.8,14.1,Adaptive
S379,3,19.6,6,79.5,12,10,28.6,84.1,4,3,0.46,1,0.56,0.65,0.74,64.6,11.1,Competency-Based
S380,10,39.1,6,67.1,0,26,21.3,82.1,7,3,0.79,0,0.8,0.52,0.85,61.4,15.1,Competency-Based
S381,23,32.0,6,58.9,16,29,18.4,64.5,3,3,0.46,1,0.86,0.56,0.85,52.4,7.8,Competency-Based
S382,14,35.6,4,71.6,5,22,9.3,68.1,4,3,0.5,0,0.87,0.8,0.66,53.7,17.3,Competency-Based
S383,14,42.2,5,58.8,3,21,22.8,71.8,1,3,0.6,1,0.57,0.15,0.62,63.0,6.8,Competency-Based
S384,7,37.6,7,57.5,19,16,20.8,66.3,5,3,0.7,0,0.87,0.26,0.63,58.2,14.8,Competency-Based
S385,9,39.3,8,77.8,15,10,29.8,69.3,3,3,0.53,0,0.42,0.39,0.89,64.8,10.1,Competency-Based
S386,6,36.9,9,73.5,14,30,13.3,70.2,6,1,0.51,0,0.43,0.34,0.76,64.1,16.2,Competency-Based
S387,8,33.4,8,80.2,14,31,19.7,72.8,1,3,0.8,1,0.74,0.12,0.36,72.4,13.2,Adaptive
S388,15,49.7,7,91.8,5,12,22.3,88.5,7,3,0.31,1,0.43,0.16,0.77,80.4,11.8,Adaptive
S389,22,15.5,9,74.0,14,23,22.2,81.7,5,3,0.75,0,0.58,0.58,0.4,63.0,7.5,Competency-Based
S390,17,41.9,4,76.1,13,46,20.3,97.5,6,2,0.37,1,0.77,0.72,0.57,65.7,14.6,Competency-Based
S391,5,40.4,7,54.0,10,5,25.1,75.8,7,1,0.69,0,0.59,0.46,0.43,55.4,19.6,Competency-Based
S392,10,47.2,6,82.3,6,33,12.5,88.6,6,1,0.61,0,0.5,0.48,0.71,70.3,17.4,Adaptive
S393,22,42.0,3,68.0,8,49,24.0,93.1,7,1,0.47,1,0.55,0.28,0.83,69.8,5.9,Adaptive
S394,18,52.2,2,94.0,15,53,21.6,85.8,6,3,0.74,1,0.65,0.64,0.47,70.9,10.6,Competency-Based
S395,15,58.2,8,87.0,4,39,27.7,75.7,5,3,0.31,1,0.66,0.63,0.35,65.4,18.9,Competency-Based
S396,20,30.4,5,73.5,19,44,26.6,88.6,1,2,0.41,0,0.83,0.51,0.48,66.7,12.5,Adaptive
S397,12,25.2,5,55.5,9,18,14.9,67.7,6,1,0.58,0,0.81,0.25,0.7,57.9,14.9,Competency-Based
S398,21,34.1,4,88.7,17,39,14.1,72.4,6,3,0.48,1,0.65,0.17,0.5,74.2,18.7,Adaptive
S399,19,28.0,9,86.0,2,52,29.6,80.8,2,1,0.61,0,0.87,0.14,0.47,76.6,18.1,Adaptive
S400,21,42.7,5,58.3,12,49,19.6,81.9,3,2,0.31,1,0.46,0.51,0.41,58.4,12.5,Competency-Based
S401,7,56.0,6,63.3,10,24,27.9,60.8,5,2,0.36,0,0.54,0.68,0.6,50.5,11.6,Competency-Based
S402,23,21.3,8,85.7,16,53,11.6,95.9,7,2,0.36,1,0.86,0.7,0.47,69.4,10.1,Competency-Based
S403,11,19.5,7,58.3,12,17,22.1,86.5,5,1,0.39,1,0.61,0.42,0.74,61.4,15.8,Competency-Based
S404,14,26.5,6,91.3,5,42,25.8,78.8,4,3,0.53,0,0.94,0.65,0.35,67.8,9.3,Competency-Based
S405,23,47.7,4,69.1,16,53,28.8,95.5,7,3,0.68,1,0.66,0.76,0.7,61.4,8.7,Competency-Based
S406,3,41.7,6,53.9,12,50,15.4,76.7,5,2,0.75,1,0.84,0.29,0.44,59.3,10.3,Competency-Based
S407,3,19.6,7,86.7,18,53,23.9,97.3,1,3,0.72,0,0.62,0.38,0.59,77.2,7.7,Adaptive
S408,17,56.3,3,66.8,18,12,19.9,79.5,7,2,0.4,1,0.63,0.75,0.47,55.9,15.4,Competency-Based
S409,4,50.6,4,73.7,9,47,9.3,64.3,7,1,0.52,0,0.61,0.34,0.73,62.3,14.2,Competency-Based
S410,24,16.0,3,55.1,2,24,23.2,89.1,5,2,0.4,1,0.8,0.74,0.87,54.5,12.2,Competency-Based
S411,18,44.3,2,50.1,13,37,23.2,85.8,7,1,0.43,0,0.7,0.79,0.85,50.3,10.9,Competency-Based
S412,10,49.7,3,78.7,18,30,28.5,89.4,2,2,0.55,1,0.92,0.56,0.65,67.9,18.6,Adaptive
S413,15,31.8,2,73.2,4,43,18.9,96.2,3,3,0.33,1,0.54,0.67,0.58,65.4,5.4,Competency-Based
S414,23,18.1,2,76.7,4,25,13.1,89.5,7,3,0.41,1,0.46,0.62,0.79,65.4,16.5,Competency-Based
S415,3,18.5,3,85.7,19,57,9.0,83.2,3,2,0.77,1,0.62,0.59,0.71,68.1,18.5,Adaptive
S416,18,19.7,4,79.1,16,53,17.1,92.6,5,3,0.53,0,0.74,0.31,0.41,73.7,11.7,Adaptive
S417,9,52.8,9,57.9,9,46,14.6,85.6,6,3,0.52,0,0.87,0.14,0.79,66.4,13.3,Adaptive
S418,7,56.0,7,66.2,4,47,24.7,75.5,0,3,0.31,0,0.59,0.34,0.56,63.3,19.2,Competency-Based
S419,24,20.5,6,90.8,3,58,15.8,93.7,0,1,0.42,0,0.76,0.57,0.41,74.0,8.2,Adaptive
S420,5,25.6,6,84.6,5,45,28.9,68.4,6,3,0.73,0,0.59,0.17,0.47,71.4,12.8,Adaptive
S421,14,22.4,7,75.0,3,13,29.2,87.2,6,1,0.38,0,0.74,0.11,0.46,74.4,12.1,Adaptive
S422,18,23.4,8,61.5,6,28,21.7,93.5,6,2,0.51,0,0.89,0.2,0.61,69.1,8.9,Adaptive
S423,21,52.7,8,63.6,6,41,28.4,87.8,1,3,0.31,1,0.53,0.6,0.44,60.7,17.3,Competency-Based
S424,7,29.9,2,82.9,17,53,24.7,86.5,0,3,0.54,1,0.62,0.78,0.37,64.5,18.5,Competency-Based
S425,24,29.0,2,88.3,2,45,20.0,88.6,6,3,0.31,1,0.95,0.79,0.37,66.5,16.7,Competency-Based
S426,16,25.2,4,80.2,0,21,12.0,77.7,1,2,0.71,1,0.88,0.45,0.65,67.3,7.9,Adaptive
S427,7,42.4,5,86.4,3,28,18.1,93.2,4,1,0.71,0,0.71,0.71,0.74,68.9,6.3,Competency-Based
S428,17,32.1,3,84.5,5,25,20.3,67.7,7,1,0.69,0,0.68,0.62,0.49,62.0,14.1,Competency-Based
S429,19,48.5,2,56.7,8,55,27.0,64.8,1,3,0.44,0,0.56,0.45,0.32,54.0,5.9,Competency-Based
S430,16,24.3,6,69.1,13,43,18.6,70.8,0,2,0.72,1,0.68,0.5,0.38,59.9,15.1,Competency-Based
S431,22,50.5,4,56.9,11,59,27.7,80.2,5,2,0.57,0,0.87,0.2,0.85,63.3,13.0,Competency-Based
S432,7,42.2,3,60.6,19,45,22.8,79.4,4,2,0.49,1,0.78,0.76,0.6,53.5,14.9,Competency-Based
S433,14,20.1,4,89.1,3,43,11.0,91.2,0,2,0.61,0,0.56,0.35,0.57,77.0,13.9,Adaptive
S434,18,33.7,3,71.3,11,17,29.9,75.4,7,2,0.31,0,0.51,0.41,0.32,63.2,11.3,Competency-Based
S435,18,53.9,3,74.1,9,15,19.6,78.4,1,1,0.37,0,0.55,0.57,0.74,62.7,8.0,Competency-Based
S436,23,56.5,7,58.0,6,50,16.6,60.5,2,1,0.67,0,0.49,0.33,0.62,55.6,9.6,Competency-Based
S437,9,36.0,2,64.1,2,23,22.5,75.6,3,1,0.42,1,0.45,0.28,0.42,63.4,12.9,Competency-Based
S438,6,36.6,9,60.4,13,15,10.4,84.6,7,3,0.6,1,0.63,0.54,0.37,59.0,14.8,Competency-Based
S439,3,56.3,4,59.3,9,17,22.0,60.6,0,2,0.49,0,0.46,0.12,0.53,60.5,16.7,Competency-Based
S440,7,41.4,9,78.7,15,50,19.0,70.7,6,3,0.73,1,0.49,0.6,0.8,61.1,16.5,Competency-Based
S441,12,16.5,4,61.6,15,49,16.9,67.9,1,2,0.78,0,0.7,0.46,0.82,56.7,19.6,Competency-Based
S442,24,56.1,7,78.4,9,5,29.0,61.6,6,1,0.74,0,0.49,0.52,0.66,59.8,9.3,Competency-Based
S443,7,26.2,6,52.6,12,44,19.5,78.2,6,3,0.44,0,0.44,0.54,0.74,54.1,6.1,Competency-Based
S444,6,41.0,9,56.4,5,48,12.8,66.9,6,1,0.4,0,0.57,0.47,0.37,53.6,10.2,Competency-Based
S445,4,22.4,6,62.4,11,23,18.1,88.2,6,2,0.54,1,0.52,0.51,0.65,61.6,16.1,Competency-Based
S446,22,16.5,8,76.9,8,16,28.2,92.2,6,2,0.3,0,0.68,0.58,0.7,67.2,11.6,Adaptive
S447,12,29.0,2,80.4,12,12,11.9,80.7,4,2,0.31,0,0.46,0.63,0.42,64.4,17.3,Competency-Based
S448,21,50.1,2,69.9,3,12,12.7,97.3,0,1,0.58,1,0.81,0.61,0.83,66.0,13.2,Competency-Based
S449,3,27.5,5,70.1,10,57,8.3,77.1,7,2,0.56,0,0.9,0.71,0.42,57.3,18.9,Competency-Based
S450,7,24.9,7,82.6,19,49,8.3,79.5,0,1,0.8,1,0.81,0.23,0.49,73.3,19.2,Adaptive
S451,15,24.6,6,50.7,17,16,26.2,97.6,7,3,0.4,0,0.69,0.38,0.67,62.3,6.0,Competency-Based
S452,6,38.2,3,65.3,10,52,24.1,68.8,3,2,0.43,0,0.87,0.76,0.68,52.3,11.8,Competency-Based
S453,18,58.9,4,86.8,3,37,15.8,95.8,1,2,0.36,0,0.78,0.38,0.72,76.8,14.1,Adaptive
S454,18,35.7,2,77.1,17,49,23.4,61.6,2,2,0.76,0,0.41,0.19,0.37,66.3,8.8,Adaptive
S455,4,40.1,9,65.2,0,30,16.7,77.0,4,3,0.69,0,0.62,0.47,0.81,60.4,11.1,Competency-Based
S456,19,53.7,4,90.7,6,43,29.0,62.7,1,2,0.71,0,0.87,0.18,0.62,72.4,15.2,Adaptive
S457,22,39.1,4,84.8,5,32,29.3,87.7,4,1,0.75,1,0.59,0.24,0.58,76.0,8.4,Adaptive
S458,14,23.3,5,61.9,14,9,16.6,83.1,7,1,0.56,0,0.42,0.8,0.89,54.0,14.0,Competency-Based
S459,20,28.5,6,79.0,17,12,26.8,86.9,0,2,0.53,1,0.81,0.48,0.74,69.1,15.5,Adaptive
S460,5,28.9,2,76.8,10,29,25.0,74.2,6,2,0.47,1,0.84,0.3,0.37,67.4,6.4,Adaptive
S461,3,32.9,4,68.1,19,31,14.8,74.0,3,3,0.59,0,0.49,0.8,0.75,54.1,12.5,Competency-Based
S462,3,34.2,2,66.5,14,50,13.1,61.7,3,3,0.53,1,0.7,0.78,0.36,50.2,8.9,Competency-Based
S463,21,51.0,3,65.5,15,27,18.1,73.3,5,3,0.53,0,0.51,0.41,0.32,60.5,15.9,Competency-Based
S464,13,30.7,5,77.8,6,34,25.2,95.3,2,2,0.77,1,0.8,0.28,0.54,74.9,7.8,Adaptive
S465,7,36.1,3,69.9,9,49,29.1,74.4,3,3,0.79,0,0.55,0.69,0.9,57.2,18.4,Competency-Based
S466,14,43.1,2,87.4,11,51,24.8,91.6,6,3,0.7,1,0.57,0.6,0.4,70.8,11.5,Adaptive
S467,5,32.0,8,80.1,13,27,26.8,92.0,0,1,0.68,1,0.86,0.58,0.7,69.0,8.0,Adaptive
S468,3,52.6,9,53.1,4,53,21.3,74.2,2,3,0.64,0,0.66,0.73,0.4,49.7,11.6,Competency-Based
S469,3,41.4,2,78.8,17,51,26.4,84.0,7,1,0.38,1,0.77,0.58,0.73,65.4,11.1,Adaptive
S470,10,28.2,6,62.2,4,24,25.3,63.6,1,1,0.33,0,0.62,0.3,0.6,58.9,11.4,Competency-Based
S471,12,47.1,4,76.7,2,22,16.3,63.9,7,3,0.65,0,0.56,0.59,0.71,58.4,13.8,Competency-Based
S472,13,38.7,4,80.6,4,22,20.1,61.8,6,1,0.66,0,0.74,0.31,0.42,65.0,12.8,Adaptive
S473,14,39.1,3,60.4,16,6,25.7,82.1,6,2,0.32,0,0.49,0.63,0.75,56.6,7.2,Competency-Based
S474,15,36.6,9,70.6,18,8,9.0,76.2,3,2,0.76,0,0.61,0.53,0.9,61.2,6.0,Competency-Based
S475,14,37.4,5,58.6,18,34,25.8,80.8,2,3,0.35,1,0.51,0.15,0.7,65.5,15.9,Adaptive
S476,16,49.4,8,52.4,11,37,11.9,79.8,0,2,0.44,1,0.78,0.46,0.6,56.7,13.4,Competency-Based
S477,4,19.6,7,67.0,8,40,19.3,73.3,7,1,0.64,1,0.92,0.34,0.85,62.3,10.4,Competency-Based
S478,21,30.0,9,66.3,0,22,25.8,85.7,5,2,0.38,0,0.95,0.33,0.31,66.1,17.1,Adaptive
S479,20,18.4,4,94.8,17,41,13.6,88.8,7,3,0.33,1,0.65,0.52,0.74,74.5,10.8,Adaptive
S480,5,48.9,6,70.1,3,23,13.4,60.6,4,3,0.47,1,0.54,0.33,0.83,60.2,16.9,Competency-Based
S481,19,27.3,9,65.0,9,51,16.9,67.9,4,1,0.68,1,0.64,0.64,0.34,54.2,9.6,Competency-Based
S482,10,55.4,3,76.1,6,32,27.7,87.1,0,3,0.51,1,0.87,0.15,0.57,74.6,6.1,Adaptive
S483,12,38.7,3,54.0,0,44,8.0,74.7,0,2,0.63,1,0.51,0.56,0.42,53.8,19.0,Competency-Based
S484,4,51.0,7,93.3,16,24,27.8,85.2,4,3,0.59,0,0.92,0.67,0.64,70.1,10.9,Competency-Based
S485,21,59.1,6,78.6,1,53,11.4,73.2,5,1,0.31,0,0.59,0.57,0.69,62.5,16.9,Competency-Based
S486,11,52.8,5,84.0,10,37,29.8,74.8,2,3,0.79,1,0.94,0.45,0.48,67.8,9.2,Adaptive
S487,9,54.0,9,57.7,8,16,29.0,66.0,4,2,0.32,0,0.86,0.77,0.58,48.1,14.7,Competency-Based
S488,6,33.4,6,68.4,6,55,18.9,69.8,0,1,0.78,0,0.84,0.31,0.47,63.1,18.1,Competency-Based
S489,23,39.8,5,69.0,16,19,19.3,83.0,3,2,0.57,1,0.57,0.11,0.52,71.0,5.6,Adaptive
S490,20,26.4,6,87.0,16,45,18.6,76.5,1,1,0.78,1,0.4,0.4,0.4,70.6,17.5,Adaptive
S491,15,23.8,6,50.1,1,43,22.0,89.4,5,3,0.36,0,0.61,0.12,0.83,65.0,13.6,Adaptive
S492,13,37.7,2,63.5,5,6,10.0,92.4,6,1,0.55,1,0.57,0.77,0.31,58.1,14.1,Competency-Based
S493,6,41.8,3,94.2,13,33,8.7,80.6,5,1,0.38,0,0.42,0.25,0.83,77.4,12.8,Adaptive
S494,23,30.3,9,71.4,5,45,9.3,88.8,3,3,0.33,0,0.68,0.65,0.64,62.9,18.1,Competency-Based
S495,6,40.6,6,67.2,1,14,17.8,71.7,3,2,0.61,1,0.62,0.64,0.5,56.3,5.7,Competency-Based
S496,12,54.9,9,55.4,0,6,14.1,75.8,6,3,0.4,0,0.75,0.25,0.73,60.3,8.9,Competency-Based
S497,7,40.1,7,93.8,9,55,21.7,87.1,7,1,0.59,0,0.74,0.53,0.6,73.4,18.1,Adaptive
S498,11,47.4,6,50.9,4,15,29.8,74.7,0,3,0.36,0,0.47,0.13,0.6,61.2,16.3,Competency-Based
S499,5,51.2,4,83.2,1,17,16.5,82.4,4,1,0.47,1,0.94,0.44,0.37,69.8,5.3,Adaptive
S500,19,59.5,3,84.6,15,14,20.6,67.0,7,3,0.69,1,0.5,0.11,0.53,72.0,12.8,Adaptive
